  -- INSERT DATA INTO CUSTOMER
   INSERT INTO CUSTOMER VALUES(1,'JOHN',1479102,'JOHN@gmail.com','10290672','A02',1000,'JOHN','JOHN123');
   INSERT INTO CUSTOMER VALUES(2,'Markian',1477702,'markian@gmail.com','102989372','A01',800,'Markian','mark123');
   INSERT INTO CUSTOMER VALUES(3,'Eddie',293824,'eddie@gmail.com','10290971','A05',10000,'eddie','eddie129');
   INSERT INTO CUSTOMER VALUES(4,'Harrypot',1098701,'harrypotter@gmail.com','09870471','A04',100000,'harryp','harry124');
   INSERT INTO CUSTOMER VALUES(5,'Annie',1479101,'annie@gmail.com','10290671','A01',1000,'annie','annie123');
   INSERT INTO CUSTOMER VALUES(6,'Mark',1477701,'mark@gmail.com','102989371','A03',900,'Mark','mark123');
   INSERT INTO CUSTOMER VALUES(7,'Ed',293829,'ed@gmail.com','10290981','A05',10000,'ed','eddie129');
   INSERT INTO CUSTOMER VALUES(8,'Harry',1098701,'harry@gmail.com','09870671','A04',100000,'harry','harry123');
   INSERT INTO CUSTOMER VALUES(10,'Zac',1470987,'zac@gmail.com','12340671','A02',1870,'zac','zacc123');
   COMMIT;
   
   ---INSERT DATA INTO COMPANY---
 INSERT INTO COMPANY VALUES(1,'GOOGLE',9999999999);
INSERT INTO COMPANY VALUES(2,'META',8888888888);
INSERT INTO COMPANY VALUES(3,'WALLMART',1111111111);
INSERT INTO COMPANY VALUES(4,'SPACEX',7777777777);
INSERT INTO COMPANY VALUES(5,'TESLA',4444444444);
INSERT INTO COMPANY VALUES(6,'PAYPAL',2222222222);
INSERT INTO COMPANY VALUES(7,'FIDELITY',6666666666);
          COMMIT;
          
--- STOCK EXCHANGE INSERT---

INSERT INTO STOCKEXCHANGE VALUES(1,'NASDAQ',1);
INSERT INTO STOCKEXCHANGE VALUES(2,'NYSE',2);
INSERT INTO STOCKEXCHANGE VALUES(3,'BSE',3);
INSERT INTO STOCKEXCHANGE VALUES(4,'LONDON STOCK EXCHANGE',4);
INSERT INTO STOCKEXCHANGE VALUES(5,'TOKYO STOCK EXCHANGE',5);
COMMIT;

--- SECURITY EXCHANGE INSERT----

INSERT INTO SECURITYEXCHANGE VALUES (1,1,1);
INSERT INTO SECURITYEXCHANGE VALUES (2,2,2);
INSERT INTO SECURITYEXCHANGE VALUES (3,3,3);
INSERT INTO SECURITYEXCHANGE VALUES (4,4,4);
INSERT INTO SECURITYEXCHANGE VALUES (5,5,5);
COMMIT;


---- STOCK INFO INSERT DATA----
INSERT INTO STOCKINFO VALUES(6,TO_DATE('2005/05/06', 'yyyy/mm/dd'), 10000,50);
    INSERT INTO STOCKINFO VALUES(2,TO_DATE('2012/06/04', 'yyyy/mm/dd'), 6000,5);
    INSERT INTO STOCKINFO VALUES(3,TO_DATE('2019/12/09', 'yyyy/mm/dd '), 80000,60);
    INSERT INTO STOCKINFO VALUES(4,TO_DATE('2020/11/12', 'yyyy/mm/dd '), 900,80);
    INSERT INTO STOCKINFO VALUES(5,TO_DATE('2021/08/05', 'yyyy/mm/dd '), 300,5);
    
    COMMIT;
    
    
    ----INSERT DATA SECURITY TYPE----
    
 INSERT INTO SECURITYTYPE VALUES('CB','CORPORATE BOND');
INSERT INTO SECURITYTYPE VALUES('BN','BANK NOTE');
INSERT INTO SECURITYTYPE VALUES('EQF','EQUITY FUTURE');
INSERT INTO SECURITYTYPE VALUES('FUT',' FUTURE');
INSERT INTO SECURITYTYPE VALUES('CDTY','COMMODITY');
    COMMIT;
    
--- INSERT DATA COMPANY SECURITY---
--INSERT DATA
 INSERT INTO COMPANYSECURITY VALUES (1,1,1,'R001','CB');
INSERT INTO COMPANYSECURITY VALUES (2,2,2,'R002','BN');
INSERT INTO COMPANYSECURITY VALUES (3,3,3,'R003','BN');
INSERT INTO COMPANYSECURITY VALUES (4,4,4,'R002','FUT');
INSERT INTO COMPANYSECURITY VALUES (5,5,5,'R003','CDTY');
         COMMIT;
         


---- INSERT DATA TRANSACTION---
INSERT INTO TRANSACTION(TXN_TYPE,CUSTOMER_ID,STOCK_ID,QTY,PRICE,TXN_DATE,TXN_TIME) VALUES('B',1,1,5,100,SYSDATE ,CURRENT_TIMESTAMP);
INSERT INTO TRANSACTION(TXN_TYPE,CUSTOMER_ID,STOCK_ID,QTY,PRICE,TXN_DATE,TXN_TIME) VALUES('B',2,2,7,300,SYSDATE,CURRENT_TIMESTAMP);
INSERT INTO TRANSACTION(TXN_TYPE,CUSTOMER_ID,STOCK_ID,QTY,PRICE,TXN_DATE,TXN_TIME) VALUES('B',3,3,9,200,SYSDATE,CURRENT_TIMESTAMP);
INSERT INTO TRANSACTION(TXN_TYPE,CUSTOMER_ID,STOCK_ID,QTY,PRICE,TXN_DATE,TXN_TIME) VALUES('B',4,4,10,500,SYSDATE,CURRENT_TIMESTAMP);
INSERT INTO TRANSACTION(TXN_TYPE,CUSTOMER_ID,STOCK_ID,QTY,PRICE,TXN_DATE,TXN_TIME) VALUES('B',5,5,13,400,SYSDATE,CURRENT_TIMESTAMP);


-- INSERT DATA SELL TRANSACTION
INSERT INTO TRANSACTION(TXN_TYPE,CUSTOMER_ID,STOCK_ID,QTY,PRICE,TXN_DATE,TXN_TIME) VALUES('S',1,1,2,80,SYSDATE ,CURRENT_TIMESTAMP);
INSERT INTO TRANSACTION(TXN_TYPE,CUSTOMER_ID,STOCK_ID,QTY,PRICE,TXN_DATE,TXN_TIME) VALUES('S',2,2,3,300,SYSDATE,CURRENT_TIMESTAMP);
INSERT INTO TRANSACTION(TXN_TYPE,CUSTOMER_ID,STOCK_ID,QTY,PRICE,TXN_DATE,TXN_TIME) VALUES('S',3,3,5,220,SYSDATE,CURRENT_TIMESTAMP);
INSERT INTO TRANSACTION(TXN_TYPE,CUSTOMER_ID,STOCK_ID,QTY,PRICE,TXN_DATE,TXN_TIME) VALUES('S',4,4,8,600,SYSDATE,CURRENT_TIMESTAMP);
INSERT INTO TRANSACTION(TXN_TYPE,CUSTOMER_ID,STOCK_ID,QTY,PRICE,TXN_DATE,TXN_TIME) VALUES('S',5,5,12,300,SYSDATE,CURRENT_TIMESTAMP);
COMMIT;